{
    "MAE": 17328.722592877293,
    "R2": 0.8985055570494205
}